<?xml version="1.0" encoding="UTF-8"?>
<beans xmlns="http://www.springframework.org/schema/beans"
       xmlns:xsi="http://www.w3.org/2001/XMLSchema-instance" xmlns:p="http://www.springframework.org/schema/p"
       xmlns:context="http://www.springframework.org/schema/context"
       xmlns:mvc="http://www.springframework.org/schema/mvc"
       xsi:schemaLocation="http://www.springframework.org/schema/beans
                        http://www.springframework.org/schema/beans/spring-beans-4.0.xsd
                        http://www.springframework.org/schema/context
                        http://www.springframework.org/schema/context/spring-context-4.0.xsd
                        http://www.springframework.org/schema/mvc
                        http://www.springframework.org/schema/mvc/spring-mvc-4.0.xsd">

    <context:component-scan base-package="com.amayadream.webchat.*" >
        <context:include-filter type="annotation" expression="org.springframework.stereotype.Controller"/>
        <context:exclude-filter type="annotation" expression="org.springframework.stereotype.Service"/>
    </context:component-scan>

    <!-- 视图解析器 -->
    <bean class="org.springframework.web.servlet.view.InternalResourceViewResolver">
        <property name="prefix" value="/WEB-INF/view/" />
        <property name="suffix" value=".jsp" />
    </bean>

    <mvc:interceptors>
        <!-- 登陆拦截器,负责拦截未登录的操作 -->
        <mvc:interceptor>
            <!-- 需要拦截的地址 -->
            <mvc:mapping path="/**"/>
            <!-- 需要排除拦截的地址 -->
            <mvc:exclude-mapping path="/static/**"/>
            <bean id="loginInterceptor" class="com.amayadream.webchat.interceptor.LoginInterceptor">
                <property name="IGNORE_URI">
                    <list>
                        <value>/user/login</value>
                        <value>/user/register</value>
                        <value>/user/logout</value>
                    </list>
                </property>
            </bean>
        </mvc:interceptor>
    </mvc:interceptors>

    <!-- 开启注解模式 -->
    <mvc:annotation-driven/>

    <!-- 静态资源映射 -->
    <mvc:resources mapping="/static/**" location="/static/"/>

    <mvc:resources location="/" mapping="/**/*.html"/>
    <mvc:resources location="/" mapping="/**/*.js"/>
    <mvc:resources location="/" mapping="/**/*.css"/>

    <!-- 配置文件上传 -->
    <bean id="multipartResolver" class="org.springframework.web.multipart.commons.CommonsMultipartResolver">
        <!-- 默认编码 -->
        <property name="defaultEncoding" value="utf-8" />
        <!-- 文件大小最大值 -->
        <property name="maxUploadSize" value="10485760000" />
        <!-- 内存中的最大值 -->
        <property name="maxInMemorySize" value="40960" />
    </bean>

</beans>