<?xml version="1.0" encoding="UTF-8" ?>
<!DOCTYPE mapper PUBLIC "-//mybatis.org//DTD Mapper 3.0//EN" "http://mybatis.org/dtd/mybatis-3-mapper.dtd" >
<mapper namespace="com.amayadream.webchat.dao.IRoomDao">

  <resultMap id="BaseResultMap" type="com.amayadream.webchat.pojo.Room">
    <id column="ROOMID" property="roomid" jdbcType="VARCHAR"/>
    <result column="ROOMTYPE" property="roomtype" jdbcType="VARCHAR"/>
    <result column="ROOMNAME" property="roomname" jdbcType="VARCHAR"/>
    <result column="ROOMNUM" property="roomnum" jdbcType="VARCHAR"/>    
    <result column="ROOMINTRO" property="roomintro" jdbcType="VARCHAR"/>
  </resultMap>
  
  <sql id="Base_Creat_List">
    ROOMID, ROOMTYPE, ROOMNAME, ROOMNUM,ROOMINTRO,RFIRSTTIME,USERID,ROOMBRO
  </sql>

  <!-- 查询所有合作室 -->
  <select id="selectAll" resultMap="BaseResultMap">
      SELECT  ROOMID, ROOMTYPE, ROOMNAME, ROOMNUM, ROOMINTRO FROM room
      ORDER BY ROOMID
      LIMIT #{offset}, #{limit}
  </select>

  <!-- 根据合作室id查询合作室 -->
  <select id="selectRoomByRoomid" resultMap="BaseResultMap" parameterType="string">
    SELECT <include refid="Base_Creat_List"/>
    FROM room
    WHERE ROOMID = #{roomid, jdbcType=VARCHAR}
  </select>

<!-- 根据合作室id查询合作室 -->
  <select id="selectRoomByUserid" resultMap="BaseResultMap" parameterType="string">
    SELECT <include refid="Base_Creat_List"/>
    FROM room
    WHERE USERID = #{userid, jdbcType=VARCHAR}
  </select>
  
  <!-- 根据合作室id查询合作室 -->
  <select id="selectCount" resultMap="BaseResultMap" >
    SELECT COUNT(*) ROOMID
    FROM room
  </select>

  <!-- 插入合作室 -->
  <insert id="insert" parameterType="com.amayadream.webchat.pojo.Room">
    INSERT INTO Room (USERID, ROOMID, ROOMTYPE, ROOMNAME, ROOMNUM, ROOMINTRO, RFIRSTTIME)
    VALUES (#{userid, jdbcType=VARCHAR}, #{roomid, jdbcType=VARCHAR}, #{roomtype, jdbcType=VARCHAR}, #{roomname, jdbcType=VARCHAR}, #{roomnum, jdbcType=INTEGER},
    #{roomintro, jdbcType=VARCHAR},#{rfirsttime, jdbcType=VARCHAR})
  </insert>
   
   
  <!-- 更新合作室 -->
  <update id="update" parameterType="com.amayadream.webchat.pojo.Room">
    UPDATE room
    <set>
      <if test="roomtype != null and roomtype != ''">
        ROOMTYPE = #{roomtype, jdbcType=VARCHAR},
      </if>
      <if test="roomname != null and roomname != ''">
        ROOMNAME = #{roomname, jdbcType=VARCHAR},
      </if>
      <if test="roomnum != null and roomnum != ''">
        ROOMNUM = #{roomnum, jdbcType=VARCHAR},
      </if>
      <if test="roomintro != null and roomintro != ''">
       ROOMINTRO = #{roomintro, jdbcType=VARCHAR},
      </if>
    </set>
    WHERE ROOMID = #{roomid, jdbcType=VARCHAR}
  </update>

  <!-- 删除用户 -->
  <delete id="delete" parameterType="string">
    DELETE FROM room
    WHERE ROOMID = #{roomid, jdbcType=VARCHAR}
  </delete>
  
</mapper>